ID,Task,Depends,Scope,EstHours,Status,DoneWhen
UI-101,Create AppStatusBadge,None,lib/shared/widgets/badges/app_status_badge.dart,1.0,Done,"Supports Active, Inactive, Expired, Suspended, Served, Cancelled, Locked, Unsaved with consistent colors & borders"
UI-102,"Create AppSaveButton & AppDangerButton",None,lib/shared/widgets/buttons/,1.0,Done,"Button supports isLoading (spinner), icon, label, and destructive red styling"
UI-103,"Create AppCreateButton & AppRefreshButton",None,lib/shared/widgets/buttons/,0.5,Done,"Standardized FilledButton.icon with '+' and IconButton with refresh tooltip"
UI-104,Create AppSearchField,None,lib/shared/widgets/inputs/app_search_field.dart,1.0,Done,"Prefix search icon, clear button suffix on input, debounce / callbacks"
UI-105,"Create AppDatePickerField & AppTimePickerField",None,lib/shared/widgets/inputs/,1.5,Done,"Formats yyyy-MM-dd and HH:mm, launches pickers, optional clear button"
UI-106,"Create AppDropdown<T> & AppSwitchTile",None,lib/shared/widgets/inputs/,1.0,Done,"Replaces ad-hoc DropdownButtonFormField with optional placeholder & zero-pad switches"
UI-107,Create AppPasswordField,None,lib/shared/widgets/inputs/app_password_field.dart,0.5,Done,"Includes built-in password visibility toggle icon"
UI-108,"Create AppAlertBanner & AppEmptyState",None,lib/shared/widgets/feedback/,1.0,Done,"Unifies ErrorBanner, RejectBanner, MenuStatusBanners, and inbox empty views"
UI-109,Create AppConfirmDialog,UI-102,lib/shared/widgets/dialogs/app_confirm_dialog.dart,1.0,Done,"Returns Future<bool>, replaces _confirmDelete in cuisines & organizations"
UI-110,Consolidate & Enhance AppFormDialog,None,lib/shared/widgets/dialogs/app_form_dialog.dart,1.0,Done,"Responsive width (420-560px), scrollable body, single source of truth"
UI-111,"Create AppSeparatedListCard & AppKpiCard",None,lib/shared/widgets/tables/,1.5,Done,"Standard Card + ListView.separated + Divider; Stat card with accent border & tabular figures"
UI-112,Refactor ItemCategoryListPage,"UI-101, UI-103, UI-106, UI-110, UI-111",features/item_categories/,1.0,Done,"Uses shared list card, form dialog, status badge, and buttons"
UI-113,Refactor ItemListPage,"UI-101, UI-103, UI-106, UI-110, UI-111",features/items/,1.0,Done,"Uses shared list card, dropdowns, form dialog, status badges"
UI-114,Refactor OrganizationListPage,"UI-101, UI-103, UI-104, UI-109, UI-110",features/organizations/,1.5,Done,"Uses AppSearchField, AppConfirmDialog, AppFormDialog, and AppStatusBadge"
UI-115,Refactor MemberListPage,"UI-101, UI-103, UI-104, UI-105, UI-106, UI-111",features/members/,1.5,Done,"Uses AppSearchField, AppDatePickerField, AppDropdown, and AppSeparatedListCard"
UI-116,"Refactor CuisineListPage & CuisineEditorPage","UI-101, UI-102, UI-104, UI-106, UI-108, UI-109",features/cuisines/,2.0,Done,"Uses AppSearchField, AppStatusBadge, AppSaveButton, AppConfirmDialog, AppAlertBanner"
UI-117,"Refactor MealTimeSettingsPage & MealTimeRow","UI-101, UI-102, UI-105, UI-106, UI-109",features/meal_times/,1.5,Done,"Uses AppTimePickerField, AppSwitchTile, AppDropdown, AppSaveButton, AppConfirmDialog"
UI-118,"Refactor BillListPage & BillFiltersBar","UI-101, UI-104, UI-105, UI-106, UI-109, UI-111",features/bills/,1.5,Done,"Uses AppSearchField, AppDropdown, AppDatePickerField, AppSeparatedListCard, AppConfirmDialog"
UI-119,Refactor CounterPage widgets,"UI-102, UI-104, UI-108",features/counter/,1.0,Done,"Uses AppAlertBanner for reject banner and AppSaveButton in action bar"
UI-120,Refactor DailyMenuEditorPage widgets,"UI-101, UI-102, UI-105, UI-108",features/daily_menu/,1.5,Done,"Uses AppDatePickerField, AppSaveButton, and AppAlertBanner"
UI-121,Refactor DashboardPage widgets,UI-111,features/dashboard/,1.0,Done,Replaces _KpiTile with AppKpiCard
UI-122,"Refactor ReportsPage & PeriodFilters","UI-105, UI-106, UI-108, UI-111","features/reports/, shared/widgets/reports/",1.5,Done,Refactors ReportDateField and ReportDropdown to use root shared widgets
UI-123,"Refactor LoginForm & Settings Dialogs","UI-102, UI-107","features/auth/, features/settings/, features/email/",1.0,Done,"Uses AppPasswordField and AppSaveButton across login & settings dialogs"
UI-124,Clean up duplicate legacy files,"UI-110, UI-112–UI-123",lib/widgets/,0.5,Done,"Remove redundant lib/widgets/app_form_dialog.dart and lib/widgets/master_page.dart"
UI-125,Run analysis & regression tests,UI-112–UI-124,Entire project,1.0,Done,flutter analyze passes with 0 issues; flutter test passes 100%
